{"recon_loss": 1.2476412057876587, "flow loss": 0.8847387433052063, "_timestamp": 1683200349.4671617, "_runtime": 49.017491579055786, "_step": 4}