{"recon_loss": 0.8397548198699951, "flow loss": -0.1265256106853485, "_timestamp": 1683200376.658883, "_runtime": 76.20921301841736, "_step": 22, "Train loss per epoch:": 0.7878794542380742, "AUC": 0.5, "ACC": 0.5, "SEN": 1.0, "SPE": 0.0, "F1": 0.6666666666666666, "_wandb": {"runtime": 75}}