{"Train loss:": -1.7308852218446278, "epoch": 8, "_timestamp": 1683196531.2883203, "_runtime": 205.91034626960754, "_step": 10}