{"recon_loss": 0.8275149464607239, "flow loss": -0.3130909502506256, "_timestamp": 1683200552.6536286, "_runtime": 74.81159853935242, "_step": 22, "Train loss per epoch:": 0.7751779329209101, "AUC": 0.5, "ACC": 0.5, "SEN": 1.0, "SPE": 0.0, "F1": 0.6666666666666666, "_wandb": {"runtime": 74}}