{"time per epoch": 21.701144456863403, "_timestamp": 1683197348.347823, "_runtime": 231.53975892066956, "_step": 24}