{"recon_loss": 0.8333801627159119, "flow loss": -0.11527898907661438, "_timestamp": 1683200213.4884953, "_runtime": 76.337069272995, "_step": 22, "Train loss per epoch:": 0.785399432693209, "AUC": 0.5, "ACC": 0.5, "SEN": 1.0, "SPE": 0.0, "F1": 0.6666666666666666, "_wandb": {"runtime": 76}}