{"recon_loss": 0.2320116013288498, "flow loss": -4.443700790405273, "_timestamp": 1683204643.0554385, "_runtime": 250.64336943626404, "_step": 277}