{"recon_loss": 0.7683866024017334, "flow loss": -722557.625, "_timestamp": 1683457027.0294874, "_runtime": 235.50420141220093, "_step": 249}