{"recon_loss": 0.7985777854919434, "flow loss": -0.11186999827623367, "_timestamp": 1683205635.4784322, "_runtime": 70.18295526504517, "_step": 22, "Train loss per epoch:": 0.7988034103597913, "AUC": 0.5, "ACC": 0.5, "SEN": 1.0, "SPE": 0.0, "F1": 0.6666666666666666, "_wandb": {"runtime": 69}}