{"recon_loss": 0.7799327373504639, "flow loss": -0.18404264748096466, "_timestamp": 1683205901.8333511, "_runtime": 67.49989008903503, "_step": 22, "Train loss per epoch:": 0.7900331289995284, "AUC": 0.5, "ACC": 0.5, "SEN": 1.0, "SPE": 0.0, "F1": 0.6666666666666666, "_wandb": {"runtime": 67}}