{"Train loss per epoch:": -555541.6428571428, "_timestamp": 1683454084.4320486, "_runtime": 242.05243349075317, "_step": 257}