{"recon_loss": 0.8385112881660461, "flow loss": -0.14569894969463348, "_timestamp": 1683199592.0643494, "_runtime": 63.01827931404114, "_step": 22, "Train loss per epoch:": 0.7879764267376491, "AUC": 0.5, "ACC": 0.5, "SEN": 1.0, "SPE": 0.0, "F1": 0.6666666666666666, "_wandb": {"runtime": 62}}