{"recon_loss": 0.8338602781295776, "flow loss": -0.12516121566295624, "_timestamp": 1683200727.5695593, "_runtime": 75.93584632873535, "_step": 22, "Train loss per epoch:": 0.7899360798654103, "AUC": 0.5, "ACC": 0.5, "SEN": 1.0, "SPE": 0.0, "F1": 0.6666666666666666, "_wandb": {"runtime": 75}}