{"recon_loss": 0.2702476680278778, "flow loss": -3.0475993156433105, "_timestamp": 1683201229.5633218, "_runtime": 153.28614974021912, "_step": 102}