{"recon_loss": 0.2656703591346741, "flow loss": -3.8788998126983643, "_timestamp": 1683197862.2459497, "_runtime": 233.3439826965332, "_step": 168}