{"recon_loss": 0.6177593469619751, "flow loss": -879371.75, "_timestamp": 1683457537.8402183, "_runtime": 250.8402853012085, "_step": 253}