{"time per epoch": 21.66173553466797, "_timestamp": 1683197050.6057973, "_runtime": 231.05528140068054, "_step": 24}