{"recon_loss": 0.25547391176223755, "flow loss": -2.971278667449951, "_timestamp": 1683201521.80665, "_runtime": 241.53530097007751, "_step": 181}