{"recon_loss": 0.8343832492828369, "flow loss": -0.12814496457576752, "_timestamp": 1683199353.1255298, "_runtime": 65.61921572685242, "_step": 22, "Train loss per epoch:": 0.7872224066938672, "AUC": 0.5, "ACC": 0.5, "SEN": 1.0, "SPE": 0.0, "F1": 0.6666666666666666, "_wandb": {"runtime": 65}}