{"recon_loss": 1.2278461456298828, "flow loss": 0.8349688053131104, "_timestamp": 1683207258.354663, "_runtime": 83.19531393051147, "_step": 6}