{"recon_loss": 0.3618907630443573, "flow loss": -4.114235877990723, "_timestamp": 1683207403.156733, "_runtime": 227.9973840713501, "_step": 206}