{"recon_loss": 0.8636763691902161, "flow loss": -0.1403590738773346, "_timestamp": 1683200928.3416314, "_runtime": 75.9579393863678, "_step": 22, "Train loss per epoch:": 0.7936922666572389, "AUC": 0.5, "ACC": 0.5, "SEN": 1.0, "SPE": 0.0, "F1": 0.6666666666666666, "_wandb": {"runtime": 75}}